Gmt time,Open,High,Low,Close,Volume
05.07.2021 00:00:00.000,1.18556,1.18584,1.18534,1.18575,557650002.9564999
05.07.2021 00:15:00.000,1.18576,1.18609,1.18575,1.18587,275070000.0526
05.07.2021 00:30:00.000,1.18588,1.18604,1.18569,1.18601,278460000.6118
05.07.2021 00:45:00.000,1.18600,1.18603,1.18559,1.18572,520180003.1662
05.07.2021 01:00:00.000,1.18572,1.18584,1.18537,1.18537,745119997.0244001
05.07.2021 01:15:00.000,1.18539,1.18626,1.18537,1.18610,544399999.6185
05.07.2021 01:30:00.000,1.18611,1.18619,1.18582,1.18603,526020004.27259994
05.07.2021 01:45:00.000,1.18604,1.18624,1.18589,1.18602,556189996.7193999
05.07.2021 02:00:00.000,1.18601,1.18601,1.18567,1.18579,444280002.5938
05.07.2021 02:15:00.000,1.18579,1.18579,1.18533,1.18536,355410001.75479996
05.07.2021 02:30:00.000,1.18537,1.18551,1.18525,1.18528,349290005.6839
05.07.2021 02:45:00.000,1.18529,1.18535,1.18518,1.18533,177139999.38959998
05.07.2021 03:00:00.000,1.18534,1.18574,1.18534,1.18565,296439998.1498
05.07.2021 03:15:00.000,1.18567,1.18582,1.18563,1.18563,167029999.7329
05.07.2021 03:30:00.000,1.18565,1.18565,1.18529,1.18543,198359998.46460003
05.07.2021 03:45:00.000,1.18544,1.18561,1.18529,1.18530,223900000.334
05.07.2021 04:00:00.000,1.18530,1.18530,1.18513,1.18518,304760000.4673
05.07.2021 04:15:00.000,1.18519,1.18535,1.18519,1.18534,83150000.5724
05.07.2021 04:30:00.000,1.18535,1.18548,1.18534,1.18542,278880001.06810004
05.07.2021 04:45:00.000,1.18544,1.18576,1.18544,1.18569,242310002.92319998
05.07.2021 05:00:00.000,1.18566,1.18570,1.18551,1.18564,249620000.71999994
05.07.2021 05:15:00.000,1.18563,1.18592,1.18558,1.18589,182360001.4447
05.07.2021 05:30:00.000,1.18588,1.18595,1.18556,1.18559,411360000.84849995
05.07.2021 05:45:00.000,1.18561,1.18574,1.18527,1.18531,424750001.19229996
05.07.2021 06:00:00.000,1.18533,1.18595,1.18518,1.18562,877489988.327
05.07.2021 06:15:00.000,1.18563,1.18571,1.18531,1.18563,772849992.7522
05.07.2021 06:30:00.000,1.18564,1.18657,1.18563,1.18653,1297739990.2343
05.07.2021 06:45:00.000,1.18656,1.18664,1.18609,1.18632,932829998.0164
05.07.2021 07:00:00.000,1.18630,1.18636,1.18549,1.18579,1939700014.1144001
05.07.2021 07:15:00.000,1.18580,1.18582,1.18520,1.18544,1545490009.3075995
05.07.2021 07:30:00.000,1.18544,1.18722,1.18533,1.18677,1699760009.7657
05.07.2021 07:45:00.000,1.18676,1.18732,1.18664,1.18717,1083829994.2016
05.07.2021 08:00:00.000,1.18718,1.18732,1.18680,1.18710,968010005.951
05.07.2021 08:15:00.000,1.18709,1.18716,1.18676,1.18687,760289997.1007
05.07.2021 08:30:00.000,1.18684,1.18726,1.18648,1.18723,1013070003.5096
05.07.2021 08:45:00.000,1.18724,1.18731,1.18686,1.18703,894450000.7627001
05.07.2021 09:00:00.000,1.18701,1.18748,1.18694,1.18739,1006990016.9373999
05.07.2021 09:15:00.000,1.18739,1.18767,1.18717,1.18767,719590000.1527001
05.07.2021 09:30:00.000,1.18767,1.18803,1.18748,1.18793,945620008.4687
05.07.2021 09:45:00.000,1.18793,1.18796,1.18749,1.18760,543230009.079
05.07.2021 10:00:00.000,1.18760,1.18789,1.18721,1.18764,791980005.2642001
05.07.2021 10:15:00.000,1.18765,1.18765,1.18689,1.18718,930780004.5013999
05.07.2021 10:30:00.000,1.18721,1.18777,1.18715,1.18775,630089994.4304
05.07.2021 10:45:00.000,1.18774,1.18797,1.18756,1.18768,809490001.6783001
05.07.2021 11:00:00.000,1.18768,1.18804,1.18766,1.18771,927810014.7249
05.07.2021 11:15:00.000,1.18772,1.18788,1.18724,1.18726,741090003.9672
05.07.2021 11:30:00.000,1.18730,1.18737,1.18683,1.18687,664860000.6104
05.07.2021 11:45:00.000,1.18688,1.18727,1.18688,1.18724,654810001.3733999
05.07.2021 12:00:00.000,1.18723,1.18724,1.18652,1.18655,753240004.5395
05.07.2021 12:15:00.000,1.18656,1.18656,1.18600,1.18624,938069997.7874002
05.07.2021 12:30:00.000,1.18625,1.18678,1.18625,1.18662,508879999.16090006
05.07.2021 12:45:00.000,1.18661,1.18679,1.18617,1.18632,638320004.4633
05.07.2021 13:00:00.000,1.18632,1.18660,1.18606,1.18641,1009879991.5309999
05.07.2021 13:15:00.000,1.18640,1.18641,1.18602,1.18606,802959999.0844
05.07.2021 13:30:00.000,1.18606,1.18646,1.18605,1.18645,523549997.32969993
05.07.2021 13:45:00.000,1.18646,1.18653,1.18612,1.18651,602269992.8282999
05.07.2021 14:00:00.000,1.18651,1.18654,1.18554,1.18581,1231849979.4005
05.07.2021 14:15:00.000,1.18579,1.18605,1.18560,1.18585,556420003.8910999
05.07.2021 14:30:00.000,1.18585,1.18614,1.18572,1.18608,494569999.69490004
05.07.2021 14:45:00.000,1.18606,1.18638,1.18588,1.18617,709960005.7602001
05.07.2021 15:00:00.000,1.18619,1.18651,1.18613,1.18647,596479993.8201001
05.07.2021 15:15:00.000,1.18646,1.18666,1.18621,1.18639,400739999.7712
05.07.2021 15:30:00.000,1.18640,1.18672,1.18632,1.18661,581570004.4632
05.07.2021 15:45:00.000,1.18661,1.18673,1.18626,1.18660,520709993.83930004
05.07.2021 16:00:00.000,1.18659,1.18676,1.18656,1.18671,440079993.963
05.07.2021 16:15:00.000,1.18670,1.18676,1.18643,1.18662,543849992.2752
05.07.2021 16:30:00.000,1.18662,1.18688,1.18657,1.18683,383969999.7902
05.07.2021 16:45:00.000,1.18684,1.18692,1.18669,1.18677,357770002.3651
05.07.2021 17:00:00.000,1.18676,1.18678,1.18662,1.18677,524380003.45210004
05.07.2021 17:15:00.000,1.18675,1.18692,1.18667,1.18674,577090010.1664
05.07.2021 17:30:00.000,1.18673,1.18681,1.18671,1.18680,389839999.67579997
05.07.2021 17:45:00.000,1.18678,1.18681,1.18661,1.18675,565100000.3815
05.07.2021 18:00:00.000,1.18675,1.18686,1.18666,1.18675,414340001.1063
05.07.2021 18:15:00.000,1.18675,1.18684,1.18669,1.18681,644980006.218
05.07.2021 18:30:00.000,1.18681,1.18688,1.18663,1.18681,975260007.8584
05.07.2021 18:45:00.000,1.18680,1.18692,1.18670,1.18685,1239149997.7112
05.07.2021 19:00:00.000,1.18685,1.18696,1.18675,1.18676,915860004.425
05.07.2021 19:15:00.000,1.18676,1.18697,1.18653,1.18663,3581109943.3898997
05.07.2021 19:30:00.000,1.18663,1.18674,1.18653,1.18662,999099994.7787999
05.07.2021 19:45:00.000,1.18664,1.18667,1.18644,1.18644,599749997.0198
05.07.2021 20:00:00.000,1.18645,1.18651,1.18635,1.18637,473559993.0287
05.07.2021 20:15:00.000,1.18637,1.18639,1.18634,1.18638,141960001.58820003
05.07.2021 20:30:00.000,1.18637,1.18641,1.18614,1.18623,206129999.2205
05.07.2021 20:45:00.000,1.18623,1.18629,1.18603,1.18620,283489998.5343
05.07.2021 21:00:00.000,1.18620,1.18620,1.18600,1.18620,51685000.65799999
05.07.2021 21:15:00.000,1.18620,1.18629,1.18620,1.18629,67370000.36230001
05.07.2021 21:30:00.000,1.18629,1.18630,1.18604,1.18630,84790001.1539
05.07.2021 21:45:00.000,1.18629,1.18639,1.18616,1.18620,90380000.77000001
05.07.2021 22:00:00.000,1.18620,1.18662,1.18620,1.18660,486129992.96190006
05.07.2021 22:15:00.000,1.18660,1.18690,1.18615,1.18621,769100008.4878999
05.07.2021 22:30:00.000,1.18622,1.18652,1.18597,1.18642,396709999.08440006
05.07.2021 22:45:00.000,1.18641,1.18652,1.18638,1.18643,150860000.13340002
05.07.2021 23:00:00.000,1.18642,1.18652,1.18628,1.18634,203410000.32430002
05.07.2021 23:15:00.000,1.18633,1.18657,1.18633,1.18638,336200001.7166
05.07.2021 23:30:00.000,1.18638,1.18652,1.18637,1.18639,205440000.0572
05.07.2021 23:45:00.000,1.18638,1.18658,1.18611,1.18624,391989999.7710999
06.07.2021 00:00:00.000,1.18623,1.18664,1.18601,1.18657,795399999.6186
06.07.2021 00:15:00.000,1.18658,1.18658,1.18604,1.18604,440519995.68930006
06.07.2021 00:30:00.000,1.18604,1.18638,1.18603,1.18624,308070000.1718
06.07.2021 00:45:00.000,1.18626,1.18642,1.18604,1.18604,581559995.6513
06.07.2021 01:00:00.000,1.18605,1.18614,1.18583,1.18585,541690002.4414
06.07.2021 01:15:00.000,1.18583,1.18615,1.18583,1.18606,332819997.78749996
06.07.2021 01:30:00.000,1.18607,1.18638,1.18593,1.18629,522799998.2833
06.07.2021 01:45:00.000,1.18628,1.18669,1.18618,1.18655,817469991.6839001
06.07.2021 02:00:00.000,1.18655,1.18694,1.18655,1.18687,675789997.1006999
06.07.2021 02:15:00.000,1.18687,1.18694,1.18663,1.18666,461169994.59270006
06.07.2021 02:30:00.000,1.18667,1.18675,1.18657,1.18666,373820001.6024
06.07.2021 02:45:00.000,1.18666,1.18719,1.18664,1.18718,373179992.67579997
06.07.2021 03:00:00.000,1.18716,1.18737,1.18702,1.18734,611450001.7167001
06.07.2021 03:15:00.000,1.18731,1.18744,1.18717,1.18741,455340000.1526001
06.07.2021 03:30:00.000,1.18740,1.18748,1.18726,1.18744,537759998.3215
06.07.2021 03:45:00.000,1.18743,1.18753,1.18732,1.18735,397579998.9699
06.07.2021 04:00:00.000,1.18735,1.18745,1.18727,1.18734,312740000.0093
06.07.2021 04:15:00.000,1.18736,1.18739,1.18716,1.18728,266909999.37049997
06.07.2021 04:30:00.000,1.18728,1.18757,1.18699,1.18716,1205560016.6321
06.07.2021 04:45:00.000,1.18715,1.18742,1.18711,1.18741,422180001.73590004
06.07.2021 05:00:00.000,1.18741,1.18778,1.18738,1.18776,446850004.1961
06.07.2021 05:15:00.000,1.18775,1.18788,1.18770,1.18775,372589998.7221
06.07.2021 05:30:00.000,1.18774,1.18796,1.18773,1.18789,487780004.5013999
06.07.2021 05:45:00.000,1.18789,1.18829,1.18779,1.18826,473569999.69470006
06.07.2021 06:00:00.000,1.18825,1.18951,1.18803,1.18936,2921689987.1827006
06.07.2021 06:15:00.000,1.18935,1.18947,1.18902,1.18921,1930770019.5312002
06.07.2021 06:30:00.000,1.18920,1.18927,1.18884,1.18910,1155379993.4389
06.07.2021 06:45:00.000,1.18909,1.18918,1.18876,1.18902,916839996.3379
06.07.2021 07:00:00.000,1.18902,1.18923,1.18855,1.18855,2177729972.8395004
06.07.2021 07:15:00.000,1.18854,1.18872,1.18819,1.18862,1864739986.4198003
06.07.2021 07:30:00.000,1.18863,1.18869,1.18757,1.18767,1189470006.9426003
06.07.2021 07:45:00.000,1.18770,1.18810,1.18703,1.18721,1305549991.6076
06.07.2021 08:00:00.000,1.18719,1.18738,1.18601,1.18609,2607469993.5915
06.07.2021 08:15:00.000,1.18607,1.18613,1.18456,1.18484,2464860000.6105
06.07.2021 08:30:00.000,1.18485,1.18500,1.18424,1.18480,2611619972.2289996
06.07.2021 08:45:00.000,1.18478,1.18522,1.18442,1.18452,1853349998.4741
06.07.2021 09:00:00.000,1.18452,1.18510,1.18411,1.18421,2103379989.6239002
06.07.2021 09:15:00.000,1.18423,1.18426,1.18363,1.18394,1372739986.4197004
06.07.2021 09:30:00.000,1.18393,1.18393,1.18310,1.18355,1134090000.1526
06.07.2021 09:45:00.000,1.18356,1.18402,1.18350,1.18400,1194610015.8691
06.07.2021 10:00:00.000,1.18400,1.18443,1.18374,1.18421,1669990024.5667
06.07.2021 10:15:00.000,1.18421,1.18463,1.18416,1.18416,976659996.0326002
06.07.2021 10:30:00.000,1.18417,1.18458,1.18400,1.18457,713730007.1717001
06.07.2021 10:45:00.000,1.18460,1.18463,1.18390,1.18395,738700000.7627999
06.07.2021 11:00:00.000,1.18395,1.18420,1.18388,1.18390,848839984.8937001
06.07.2021 11:15:00.000,1.18394,1.18462,1.18383,1.18462,1030849998.4742
06.07.2021 11:30:00.000,1.18464,1.18465,1.18411,1.18413,1270699993.1337001
06.07.2021 11:45:00.000,1.18415,1.18424,1.18369,1.18401,1423119998.9318
06.07.2021 12:00:00.000,1.18400,1.18442,1.18373,1.18380,1225219997.4060001
06.07.2021 12:15:00.000,1.18380,1.18422,1.18361,1.18404,1382759998.3213
06.07.2021 12:30:00.000,1.18404,1.18464,1.18388,1.18435,2031000000
06.07.2021 12:45:00.000,1.18436,1.18440,1.18331,1.18360,1686769992.8281999
06.07.2021 13:00:00.000,1.18359,1.18375,1.18225,1.18251,2703189994.8121996
06.07.2021 13:15:00.000,1.18251,1.18318,1.18232,1.18307,2160440010.071
06.07.2021 13:30:00.000,1.18306,1.18328,1.18249,1.18271,2294660003.6621
06.07.2021 13:45:00.000,1.18271,1.18355,1.18267,1.18325,2282400001.5257998
06.07.2021 14:00:00.000,1.18330,1.18426,1.18320,1.18425,3297969970.7031994
06.07.2021 14:15:00.000,1.18422,1.18422,1.18243,1.18243,3459719970.7031994
06.07.2021 14:30:00.000,1.18242,1.18335,1.18206,1.18296,2785659996.0326996
06.07.2021 14:45:00.000,1.18295,1.18310,1.18215,1.18290,2409819992.0656004
06.07.2021 15:00:00.000,1.18292,1.18301,1.18178,1.18187,1853769966.1253
06.07.2021 15:15:00.000,1.18189,1.18305,1.18158,1.18294,1511530021.6676
06.07.2021 15:30:00.000,1.18295,1.18307,1.18196,1.18198,1242150009.1553001
06.07.2021 15:45:00.000,1.18199,1.18200,1.18130,1.18165,1639490001.6785
06.07.2021 16:00:00.000,1.18166,1.18195,1.18114,1.18124,1729910026.5503001
06.07.2021 16:15:00.000,1.18125,1.18149,1.18068,1.18140,1142179985.0463002
06.07.2021 16:30:00.000,1.18141,1.18156,1.18074,1.18150,1181649999.6184
06.07.2021 16:45:00.000,1.18151,1.18168,1.18100,1.18145,707639999.39
06.07.2021 17:00:00.000,1.18147,1.18188,1.18131,1.18179,528230000.4958999
06.07.2021 17:15:00.000,1.18179,1.18202,1.18146,1.18197,506559999.4658
06.07.2021 17:30:00.000,1.18195,1.18195,1.18159,1.18187,565219999.3132999
06.07.2021 17:45:00.000,1.18187,1.18237,1.18184,1.18232,558960003.8528
06.07.2021 18:00:00.000,1.18230,1.18247,1.18223,1.18223,478809994.69769996
06.07.2021 18:15:00.000,1.18222,1.18235,1.18216,1.18235,421740002.63220006
06.07.2021 18:30:00.000,1.18238,1.18267,1.18238,1.18247,302509999.03669995
06.07.2021 18:45:00.000,1.18245,1.18263,1.18226,1.18235,491669992.4468
06.07.2021 19:00:00.000,1.18234,1.18244,1.18220,1.18239,349890004.15799993
06.07.2021 19:15:00.000,1.18239,1.18245,1.18211,1.18245,314419998.6458
06.07.2021 19:30:00.000,1.18243,1.18272,1.18216,1.18263,395720004.0817
06.07.2021 19:45:00.000,1.18264,1.18279,1.18218,1.18221,485010000.5866
06.07.2021 20:00:00.000,1.18222,1.18249,1.18200,1.18202,258609999.65660003
06.07.2021 20:15:00.000,1.18203,1.18241,1.18202,1.18241,100130001.5451
06.07.2021 20:30:00.000,1.18242,1.18248,1.18231,1.18246,99469999.79020001
06.07.2021 20:45:00.000,1.18247,1.18247,1.18213,1.18234,425390000.4627
06.07.2021 21:00:00.000,1.18231,1.18244,1.18206,1.18224,378090004.623
06.07.2021 21:15:00.000,1.18223,1.18226,1.18160,1.18209,141100002.64650002
06.07.2021 21:30:00.000,1.18209,1.18227,1.18209,1.18216,297829998.73149997
06.07.2021 21:45:00.000,1.18217,1.18218,1.18208,1.18210,270200003.14710003
06.07.2021 22:00:00.000,1.18210,1.18226,1.18209,1.18220,307020002.4845
06.07.2021 22:15:00.000,1.18220,1.18220,1.18200,1.18210,201799996.49509996
06.07.2021 22:30:00.000,1.18209,1.18209,1.18180,1.18197,367429999.3514
06.07.2021 22:45:00.000,1.18196,1.18207,1.18192,1.18199,256339998.24519998
06.07.2021 23:00:00.000,1.18196,1.18204,1.18192,1.18202,394919999.59940004
06.07.2021 23:15:00.000,1.18202,1.18217,1.18196,1.18213,225270001.64999998
06.07.2021 23:30:00.000,1.18215,1.18248,1.18206,1.18245,261069997.31049997
06.07.2021 23:45:00.000,1.18244,1.18244,1.18213,1.18221,252380001.7834
07.07.2021 00:00:00.000,1.18222,1.18233,1.18175,1.18198,876880001.0678998
07.07.2021 00:15:00.000,1.18197,1.18201,1.18155,1.18195,521299995.42240006
07.07.2021 00:30:00.000,1.18194,1.18215,1.18182,1.18211,719430000.3053
07.07.2021 00:45:00.000,1.18210,1.18219,1.18170,1.18207,1202960014.3432002
07.07.2021 01:00:00.000,1.18207,1.18220,1.18175,1.18194,941610012.0543997
07.07.2021 01:15:00.000,1.18195,1.18220,1.18177,1.18208,1869759990.6919003
07.07.2021 01:30:00.000,1.18210,1.18212,1.18177,1.18205,1029679979.3243
07.07.2021 01:45:00.000,1.18206,1.18237,1.18201,1.18229,1002350006.1037
07.07.2021 02:00:00.000,1.18229,1.18250,1.18223,1.18232,585530001.6404
07.07.2021 02:15:00.000,1.18233,1.18244,1.18218,1.18235,660060001.3732
07.07.2021 02:30:00.000,1.18234,1.18242,1.18213,1.18216,351850004.1962
07.07.2021 02:45:00.000,1.18217,1.18231,1.18192,1.18196,546240003.5859001
07.07.2021 03:00:00.000,1.18198,1.18211,1.18186,1.18205,375309998.03540003
07.07.2021 03:15:00.000,1.18206,1.18229,1.18199,1.18223,285720004.5586
07.07.2021 03:30:00.000,1.18223,1.18239,1.18218,1.18234,233839996.81480002
07.07.2021 03:45:00.000,1.18234,1.18249,1.18227,1.18248,271429999.17270005
07.07.2021 04:00:00.000,1.18249,1.18259,1.18244,1.18252,184400000.5722
07.07.2021 04:15:00.000,1.18253,1.18267,1.18252,1.18262,281089998.2453
07.07.2021 04:30:00.000,1.18262,1.18263,1.18227,1.18242,618000005.7219001
07.07.2021 04:45:00.000,1.18242,1.18247,1.18185,1.18235,1293399993.8966
07.07.2021 05:00:00.000,1.18236,1.18286,1.18221,1.18286,1077509999.2751
07.07.2021 05:15:00.000,1.18288,1.18300,1.18246,1.18256,880640008.9264001
07.07.2021 05:30:00.000,1.18255,1.18344,1.18251,1.18337,1143940002.4415002
07.07.2021 05:45:00.000,1.18338,1.18339,1.18300,1.18303,1207329999.9238002
07.07.2021 06:00:00.000,1.18303,1.18303,1.18216,1.18252,2309490016.9371
07.07.2021 06:15:00.000,1.18251,1.18287,1.18248,1.18282,1483649997.7113
07.07.2021 06:30:00.000,1.18281,1.18307,1.18250,1.18283,827599998.4741
07.07.2021 06:45:00.000,1.18282,1.18289,1.18223,1.18268,892490001.6782999
07.07.2021 07:00:00.000,1.18268,1.18299,1.18129,1.18190,1700060001.3733
07.07.2021 07:15:00.000,1.18187,1.18244,1.18152,1.18242,1483890003.2041998
07.07.2021 07:30:00.000,1.18240,1.18240,1.18118,1.18177,1432399993.8964
07.07.2021 07:45:00.000,1.18177,1.18275,1.18162,1.18255,1341489990.2343
07.07.2021 08:00:00.000,1.18255,1.18321,1.18225,1.18273,2118120010.3760998
07.07.2021 08:15:00.000,1.18273,1.18294,1.18230,1.18248,1329579990.3871002
07.07.2021 08:30:00.000,1.18247,1.18264,1.18148,1.18179,1150710002.8990998
07.07.2021 08:45:00.000,1.18182,1.18246,1.18167,1.18239,1051930004.12
07.07.2021 09:00:00.000,1.18239,1.18304,1.18216,1.18216,1448759984.9699
07.07.2021 09:15:00.000,1.18213,1.18236,1.18174,1.18218,1100770011.9019
07.07.2021 09:30:00.000,1.18216,1.18267,1.18201,1.18235,921739992.1416999
07.07.2021 09:45:00.000,1.18236,1.18290,1.18224,1.18287,718570001.6021001
07.07.2021 10:00:00.000,1.18288,1.18302,1.18231,1.18233,986050001.1445
07.07.2021 10:15:00.000,1.18234,1.18247,1.18209,1.18233,952700016.0217999
07.07.2021 10:30:00.000,1.18233,1.18238,1.18185,1.18191,754350007.0572001
07.07.2021 10:45:00.000,1.18190,1.18226,1.18188,1.18200,811819986.3433999
07.07.2021 11:00:00.000,1.18200,1.18228,1.18176,1.18205,963939998.6266001
07.07.2021 11:15:00.000,1.18203,1.18217,1.18168,1.18174,985820005.4169999
07.07.2021 11:30:00.000,1.18172,1.18217,1.18151,1.18217,632580001.8311
07.07.2021 11:45:00.000,1.18216,1.18258,1.18199,1.18225,767410001.7547
07.07.2021 12:00:00.000,1.18225,1.18322,1.18220,1.18307,1391109992.9809
07.07.2021 12:15:00.000,1.18307,1.18364,1.18266,1.18274,1679459995.2698998
07.07.2021 12:30:00.000,1.18278,1.18281,1.18155,1.18235,1976389976.5015
07.07.2021 12:45:00.000,1.18234,1.18242,1.18124,1.18157,2223420005.7983
07.07.2021 13:00:00.000,1.18157,1.18182,1.18056,1.18071,2019599964.1418998
07.07.2021 13:15:00.000,1.18072,1.18127,1.18066,1.18097,1417689998.6267998
07.07.2021 13:30:00.000,1.18098,1.18132,1.17999,1.18050,2620379966.7359004
07.07.2021 13:45:00.000,1.18049,1.18067,1.18006,1.18049,1887089988.7082999
07.07.2021 14:00:00.000,1.18051,1.18057,1.17931,1.17935,2627230010.9864
07.07.2021 14:15:00.000,1.17936,1.17944,1.17846,1.17848,2171110015.8693004
07.07.2021 14:30:00.000,1.17846,1.17900,1.17815,1.17898,2007040000.9155998
07.07.2021 14:45:00.000,1.17897,1.17995,1.17893,1.17986,2184940025.3294997
07.07.2021 15:00:00.000,1.17986,1.18009,1.17918,1.17946,1759880008.6974998
07.07.2021 15:15:00.000,1.17947,1.17995,1.17929,1.17959,1570049991.6078
07.07.2021 15:30:00.000,1.17956,1.18037,1.17921,1.18014,1432860004.425
07.07.2021 15:45:00.000,1.18016,1.18037,1.17973,1.18030,1013689983.3677001
07.07.2021 16:00:00.000,1.18028,1.18056,1.17982,1.17982,871039999.0081999
07.07.2021 16:15:00.000,1.17982,1.18019,1.17953,1.18019,771170005.7984
07.07.2021 16:30:00.000,1.18018,1.18020,1.17987,1.18012,595589993.9537001
07.07.2021 16:45:00.000,1.18012,1.18043,1.17995,1.18002,785870005.6077
07.07.2021 17:00:00.000,1.18002,1.18027,1.17984,1.18020,506720002.17440003
07.07.2021 17:15:00.000,1.18020,1.18039,1.18010,1.18017,700549997.3298
07.07.2021 17:30:00.000,1.18017,1.18050,1.18010,1.18015,461020000.45759994
07.07.2021 17:45:00.000,1.18016,1.18043,1.18011,1.18014,591050001.1445
07.07.2021 18:00:00.000,1.18013,1.18205,1.17977,1.18096,4756860015.8691
07.07.2021 18:15:00.000,1.18097,1.18181,1.18086,1.18109,1536780002.5942
07.07.2021 18:30:00.000,1.18109,1.18109,1.18062,1.18074,949609996.7956998
07.07.2021 18:45:00.000,1.18072,1.18088,1.18042,1.18055,692219999.3134
07.07.2021 19:00:00.000,1.18053,1.18070,1.18004,1.18025,795620006.5614
07.07.2021 19:15:00.000,1.18023,1.18053,1.18016,1.18046,542190002.4416001
07.07.2021 19:30:00.000,1.18042,1.18059,1.18036,1.18044,341270002.3652
07.07.2021 19:45:00.000,1.18042,1.18061,1.17920,1.17950,1481579977.9892
07.07.2021 20:00:00.000,1.17952,1.17962,1.17891,1.17937,1101310007.0951002
07.07.2021 20:15:00.000,1.17938,1.17938,1.17902,1.17916,287520002.3653
07.07.2021 20:30:00.000,1.17917,1.17943,1.17914,1.17926,132259997.96410002
07.07.2021 20:45:00.000,1.17926,1.17930,1.17899,1.17900,359979996.2042999
07.07.2021 21:00:00.000,1.17900,1.17926,1.17890,1.17906,219670000.3146
07.07.2021 21:15:00.000,1.17902,1.17938,1.17902,1.17916,454960000.03810006
07.07.2021 21:30:00.000,1.17916,1.17935,1.17914,1.17924,286580002.42709994
07.07.2021 21:45:00.000,1.17927,1.17932,1.17921,1.17930,187949999.21330002
07.07.2021 22:00:00.000,1.17932,1.17952,1.17930,1.17948,278690000.89169997
07.07.2021 22:15:00.000,1.17949,1.17955,1.17934,1.17954,320870004.65389997
07.07.2021 22:30:00.000,1.17955,1.17968,1.17950,1.17965,347219996.8694999
07.07.2021 22:45:00.000,1.17964,1.17980,1.17961,1.17973,379320007.3244
07.07.2021 23:00:00.000,1.17976,1.17989,1.17952,1.17957,544060001.3733
07.07.2021 23:15:00.000,1.17958,1.17964,1.17953,1.17959,383100001.69280005
07.07.2021 23:30:00.000,1.17959,1.17965,1.17954,1.17954,119599997.4013
07.07.2021 23:45:00.000,1.17957,1.17960,1.17922,1.17929,235309996.128
08.07.2021 00:00:00.000,1.17928,1.17945,1.17916,1.17940,771729991.9126998
08.07.2021 00:15:00.000,1.17941,1.17946,1.17912,1.17922,721320011.1388999
08.07.2021 00:30:00.000,1.17923,1.17934,1.17904,1.17916,903670004.8446999
08.07.2021 00:45:00.000,1.17916,1.17921,1.17894,1.17908,428719999.3132
08.07.2021 01:00:00.000,1.17910,1.17920,1.17871,1.17901,1220959995.2699
08.07.2021 01:15:00.000,1.17901,1.17925,1.17879,1.17909,670760003.0899
08.07.2021 01:30:00.000,1.17908,1.17950,1.17891,1.17950,815750003.8146
08.07.2021 01:45:00.000,1.17947,1.17950,1.17834,1.17851,1321110004.4251
08.07.2021 02:00:00.000,1.17852,1.17888,1.17850,1.17874,1199810003.2805
08.07.2021 02:15:00.000,1.17875,1.17875,1.17843,1.17871,545369999.8855001
08.07.2021 02:30:00.000,1.17871,1.17886,1.17855,1.17882,453719997.40599996
08.07.2021 02:45:00.000,1.17881,1.17905,1.17877,1.17904,239100002.28879997
08.07.2021 03:00:00.000,1.17903,1.17929,1.17893,1.17921,332539994.71660006
08.07.2021 03:15:00.000,1.17921,1.17921,1.17894,1.17901,308339998.72209996
08.07.2021 03:30:00.000,1.17903,1.17915,1.17896,1.17904,211059999.9425
08.07.2021 03:45:00.000,1.17905,1.17921,1.17902,1.17921,213019998.0735
08.07.2021 04:00:00.000,1.17920,1.17947,1.17917,1.17947,225189999.5804
08.07.2021 04:15:00.000,1.17947,1.17949,1.17930,1.17937,198710000.75349998
08.07.2021 04:30:00.000,1.17936,1.17936,1.17914,1.17931,287949999.09410006
08.07.2021 04:45:00.000,1.17930,1.17961,1.17926,1.17960,211289999.24650002
08.07.2021 05:00:00.000,1.17959,1.17959,1.17932,1.17936,258069998.74110004
08.07.2021 05:15:00.000,1.17937,1.17977,1.17934,1.17966,550980001.9262
08.07.2021 05:30:00.000,1.17965,1.18023,1.17948,1.18020,821609992.9810001
08.07.2021 05:45:00.000,1.18018,1.18068,1.18007,1.18056,1173569992.0654001
08.07.2021 06:00:00.000,1.18055,1.18058,1.17995,1.18038,1888250001.9075
08.07.2021 06:15:00.000,1.18036,1.18036,1.17994,1.18010,2073400032.0435
08.07.2021 06:30:00.000,1.18009,1.18009,1.17921,1.17966,2120810012.8173003
08.07.2021 06:45:00.000,1.17967,1.18001,1.17940,1.17971,2323870010.3759003
08.07.2021 07:00:00.000,1.17971,1.18062,1.17952,1.18018,2774189971.9237995
08.07.2021 07:15:00.000,1.18018,1.18065,1.17995,1.18052,3590829978.9428
08.07.2021 07:30:00.000,1.18053,1.18073,1.18019,1.18040,2476050010.6811
08.07.2021 07:45:00.000,1.18038,1.18206,1.18003,1.18201,4415250015.2588005
08.07.2021 08:00:00.000,1.18199,1.18202,1.18110,1.18139,3288899993.8965
08.07.2021 08:15:00.000,1.18137,1.18165,1.18106,1.18123,4147569969.1770997
08.07.2021 08:30:00.000,1.18126,1.18181,1.18099,1.18124,3825090042.1141
08.07.2021 08:45:00.000,1.18121,1.18251,1.18108,1.18221,2379069984.4360003
08.07.2021 09:00:00.000,1.18223,1.18277,1.18214,1.18222,2955329978.943
08.07.2021 09:15:00.000,1.18221,1.18238,1.18215,1.18235,2180590026.8556004
08.07.2021 09:30:00.000,1.18238,1.18291,1.18228,1.18278,1951390007.0189002
08.07.2021 09:45:00.000,1.18279,1.18354,1.18277,1.18335,2181469978.3324
08.07.2021 10:00:00.000,1.18333,1.18378,1.18299,1.18332,2345610015.869
08.07.2021 10:15:00.000,1.18332,1.18333,1.18249,1.18266,2162420005.7984
08.07.2021 10:30:00.000,1.18266,1.18321,1.18255,1.18313,2086530014.0382001
08.07.2021 10:45:00.000,1.18314,1.18413,1.18309,1.18404,2904309967.0410004
08.07.2021 11:00:00.000,1.18405,1.18454,1.18327,1.18427,2871120025.634701
08.07.2021 11:15:00.000,1.18425,1.18454,1.18396,1.18411,1993819999.6948998
08.07.2021 11:30:00.000,1.18410,1.18417,1.18361,1.18381,1964410003.6621
08.07.2021 11:45:00.000,1.18382,1.18396,1.18335,1.18339,2561090019.2261996
08.07.2021 12:00:00.000,1.18339,1.18401,1.18333,1.18377,2022879989.6241002
08.07.2021 12:15:00.000,1.18380,1.18529,1.18334,1.18498,1929250015.2589
08.07.2021 12:30:00.000,1.18498,1.18516,1.18361,1.18494,3804740005.4931
08.07.2021 12:45:00.000,1.18491,1.18592,1.18469,1.18513,3911109939.5752997
08.07.2021 13:00:00.000,1.18513,1.18535,1.18437,1.18487,4783109985.3517
08.07.2021 13:15:00.000,1.18488,1.18586,1.18487,1.18569,2530679985.0463
08.07.2021 13:30:00.000,1.18569,1.18647,1.18546,1.18557,3224550041.198701
08.07.2021 13:45:00.000,1.18556,1.18612,1.18529,1.18581,2318429985.0462
08.07.2021 14:00:00.000,1.18580,1.18644,1.18548,1.18608,2869800003.0518
08.07.2021 14:15:00.000,1.18607,1.18647,1.18542,1.18631,2691560012.8175
08.07.2021 14:30:00.000,1.18633,1.18678,1.18605,1.18652,2241250015.2589
08.07.2021 14:45:00.000,1.18650,1.18663,1.18530,1.18530,2807989967.3461995
08.07.2021 15:00:00.000,1.18529,1.18597,1.18498,1.18578,2127329998.0165002
08.07.2021 15:15:00.000,1.18578,1.18578,1.18423,1.18441,2182910003.6621
08.07.2021 15:30:00.000,1.18439,1.18445,1.18367,1.18404,1400919994.3543
08.07.2021 15:45:00.000,1.18403,1.18448,1.18387,1.18397,1626199996.9483001
08.07.2021 16:00:00.000,1.18397,1.18415,1.18367,1.18370,1017430007.9345
08.07.2021 16:15:00.000,1.18369,1.18400,1.18366,1.18386,674949996.9481999
08.07.2021 16:30:00.000,1.18387,1.18407,1.18386,1.18399,704510001.1825001
08.07.2021 16:45:00.000,1.18399,1.18447,1.18393,1.18444,1200539999.0081003
08.07.2021 17:00:00.000,1.18447,1.18462,1.18380,1.18389,666019990.9211
08.07.2021 17:15:00.000,1.18389,1.18398,1.18368,1.18381,633259998.3215
08.07.2021 17:30:00.000,1.18381,1.18393,1.18363,1.18388,649580003.7384001
08.07.2021 17:45:00.000,1.18386,1.18404,1.18382,1.18392,358879993.91569996
08.07.2021 18:00:00.000,1.18393,1.18403,1.18379,1.18385,673060003.7574999
08.07.2021 18:15:00.000,1.18384,1.18389,1.18358,1.18364,545520000.4578
08.07.2021 18:30:00.000,1.18365,1.18377,1.18350,1.18370,396929997.9211
08.07.2021 18:45:00.000,1.18369,1.18424,1.18368,1.18394,721440010.0708
08.07.2021 19:00:00.000,1.18393,1.18426,1.18389,1.18414,621960003.8527
08.07.2021 19:15:00.000,1.18415,1.18445,1.18404,1.18438,489080002.78470004
08.07.2021 19:30:00.000,1.18439,1.18466,1.18420,1.18429,860319997.7876
08.07.2021 19:45:00.000,1.18428,1.18480,1.18415,1.18477,571610001.5639999
08.07.2021 20:00:00.000,1.18475,1.18484,1.18441,1.18453,564970004.0817
08.07.2021 20:15:00.000,1.18455,1.18461,1.18430,1.18433,311190001.9647
08.07.2021 20:30:00.000,1.18433,1.18450,1.18428,1.18448,384450001.7166
08.07.2021 20:45:00.000,1.18447,1.18464,1.18424,1.18441,750999998.0926
08.07.2021 21:00:00.000,1.18441,1.18453,1.18441,1.18441,149520001.4115
08.07.2021 21:15:00.000,1.18441,1.18458,1.18399,1.18441,236530001.1635
08.07.2021 21:30:00.000,1.18443,1.18476,1.18440,1.18458,349429999.3514
08.07.2021 21:45:00.000,1.18458,1.18470,1.18441,1.18441,237880000.59140003
08.07.2021 22:00:00.000,1.18445,1.18486,1.18445,1.18474,516235000.6102
08.07.2021 22:15:00.000,1.18475,1.18489,1.18474,1.18483,191790001.98849997
08.07.2021 22:30:00.000,1.18481,1.18485,1.18464,1.18469,488459998.6076
08.07.2021 22:45:00.000,1.18467,1.18477,1.18447,1.18451,348469999.3133
08.07.2021 23:00:00.000,1.18453,1.18465,1.18417,1.18425,788750001.9073
08.07.2021 23:15:00.000,1.18424,1.18434,1.18407,1.18433,417779998.7792
08.07.2021 23:30:00.000,1.18430,1.18478,1.18422,1.18471,279950000.2861
08.07.2021 23:45:00.000,1.18471,1.18478,1.18460,1.18463,401550000.66749996
09.07.2021 00:00:00.000,1.18463,1.18493,1.18448,1.18471,1058040010.4521002
09.07.2021 00:15:00.000,1.18470,1.18499,1.18448,1.18452,848529996.872
09.07.2021 00:30:00.000,1.18451,1.18458,1.18388,1.18399,949889997.4823
09.07.2021 00:45:00.000,1.18397,1.18432,1.18383,1.18405,1204700008.3924
09.07.2021 01:00:00.000,1.18404,1.18436,1.18385,1.18413,885850006.1036
09.07.2021 01:15:00.000,1.18413,1.18435,1.18411,1.18411,747530004.9782
09.07.2021 01:30:00.000,1.18412,1.18424,1.18377,1.18384,1631520008.0872998
09.07.2021 01:45:00.000,1.18383,1.18397,1.18361,1.18392,1748159999.8474002
09.07.2021 02:00:00.000,1.18393,1.18397,1.18347,1.18371,1334020012.8555
09.07.2021 02:15:00.000,1.18371,1.18372,1.18353,1.18356,616399994.8501
09.07.2021 02:30:00.000,1.18356,1.18386,1.18356,1.18375,777519998.5504
09.07.2021 02:45:00.000,1.18376,1.18382,1.18353,1.18363,599429996.4903
09.07.2021 03:00:00.000,1.18363,1.18378,1.18352,1.18376,501340001.10620004
09.07.2021 03:15:00.000,1.18375,1.18376,1.18341,1.18347,778200004.5776
09.07.2021 03:30:00.000,1.18347,1.18374,1.18344,1.18368,539969997.4059
09.07.2021 03:45:00.000,1.18368,1.18393,1.18354,1.18393,360510000.22880006
09.07.2021 04:00:00.000,1.18394,1.18398,1.18371,1.18382,407339998.96049994
09.07.2021 04:15:00.000,1.18381,1.18382,1.18341,1.18366,608159992.2179999
09.07.2021 04:30:00.000,1.18365,1.18373,1.18352,1.18353,482399999.61859995
09.07.2021 04:45:00.000,1.18354,1.18377,1.18317,1.18318,966380001.5451
09.07.2021 05:00:00.000,1.18318,1.18347,1.18318,1.18337,1365340007.7821002
09.07.2021 05:15:00.000,1.18337,1.18340,1.18326,1.18327,753599996.5667999
09.07.2021 05:30:00.000,1.18327,1.18358,1.18325,1.18348,644639995.575
09.07.2021 05:45:00.000,1.18349,1.18358,1.18334,1.18344,720610004.4253
09.07.2021 06:00:00.000,1.18344,1.18345,1.18307,1.18317,2060250003.8146
09.07.2021 06:15:00.000,1.18320,1.18356,1.18281,1.18289,1859230010.9864001
09.07.2021 06:30:00.000,1.18290,1.18294,1.18251,1.18272,1316010000.2289
09.07.2021 06:45:00.000,1.18269,1.18324,1.18266,1.18277,1569149990.0817
09.07.2021 07:00:00.000,1.18275,1.18364,1.18249,1.18327,2152799995.4221997
09.07.2021 07:15:00.000,1.18327,1.18363,1.18296,1.18309,1622080005.6456997
09.07.2021 07:30:00.000,1.18308,1.18366,1.18262,1.18346,2356990001.6787004
09.07.2021 07:45:00.000,1.18346,1.18427,1.18315,1.18401,1457869995.1171002
09.07.2021 08:00:00.000,1.18400,1.18466,1.18376,1.18424,1763590015.4113998
09.07.2021 08:15:00.000,1.18422,1.18422,1.18367,1.18391,1640669998.1691003
09.07.2021 08:30:00.000,1.18389,1.18424,1.18367,1.18393,1278329998.0161998
09.07.2021 08:45:00.000,1.18392,1.18396,1.18316,1.18321,1284039993.2863002
09.07.2021 09:00:00.000,1.18323,1.18369,1.18288,1.18360,2250839984.8937
09.07.2021 09:15:00.000,1.18361,1.18393,1.18323,1.18338,2223549995.4224
09.07.2021 09:30:00.000,1.18337,1.18448,1.18337,1.18437,1448459987.6404998
09.07.2021 09:45:00.000,1.18436,1.18553,1.18421,1.18551,1358729988.0982
09.07.2021 10:00:00.000,1.18551,1.18592,1.18544,1.18569,2294030014.0384
09.07.2021 10:15:00.000,1.18571,1.18612,1.18566,1.18575,1497719985.9618
09.07.2021 10:30:00.000,1.18572,1.18628,1.18569,1.18598,977539997.1007998
09.07.2021 10:45:00.000,1.18597,1.18613,1.18546,1.18568,1050969997.406
09.07.2021 11:00:00.000,1.18567,1.18632,1.18551,1.18627,1127869995.1172
09.07.2021 11:15:00.000,1.18627,1.18638,1.18562,1.18578,896110008.2397
09.07.2021 11:30:00.000,1.18578,1.18636,1.18559,1.18609,1131930007.9345999
09.07.2021 11:45:00.000,1.18608,1.18638,1.18557,1.18557,1058909999.8474
09.07.2021 12:00:00.000,1.18558,1.18598,1.18556,1.18585,1401600009.9182
09.07.2021 12:15:00.000,1.18587,1.18609,1.18570,1.18608,1074039997.1009
09.07.2021 12:30:00.000,1.18609,1.18640,1.18601,1.18618,1411359996.7955003
09.07.2021 12:45:00.000,1.18617,1.18686,1.18608,1.18685,1270659999.8474
09.07.2021 13:00:00.000,1.18683,1.18705,1.18644,1.18649,1274010004.0437
09.07.2021 13:15:00.000,1.18649,1.18693,1.18625,1.18671,1651999992.3705997
09.07.2021 13:30:00.000,1.18672,1.18700,1.18653,1.18662,2715130027.7710004
09.07.2021 13:45:00.000,1.18664,1.18675,1.18603,1.18661,2536020008.0871
09.07.2021 14:00:00.000,1.18660,1.18671,1.18609,1.18661,1728319995.8802001
09.07.2021 14:15:00.000,1.18659,1.18684,1.18623,1.18660,1514760009.7656
09.07.2021 14:30:00.000,1.18660,1.18696,1.18651,1.18695,1066829984.6649
09.07.2021 14:45:00.000,1.18696,1.18748,1.18627,1.18643,3066889976.5015
09.07.2021 15:00:00.000,1.18642,1.18650,1.18578,1.18621,1764960010.5285
09.07.2021 15:15:00.000,1.18622,1.18660,1.18562,1.18563,1674510009.7658
09.07.2021 15:30:00.000,1.18565,1.18615,1.18553,1.18606,984170003.8909001
09.07.2021 15:45:00.000,1.18608,1.18625,1.18579,1.18601,740490003.5856999
09.07.2021 16:00:00.000,1.18600,1.18639,1.18598,1.18633,571810007.0954
09.07.2021 16:15:00.000,1.18634,1.18674,1.18625,1.18674,715779996.8720002
09.07.2021 16:30:00.000,1.18675,1.18696,1.18666,1.18689,877719997.4060999
09.07.2021 16:45:00.000,1.18689,1.18689,1.18655,1.18681,722870000.8392001
09.07.2021 17:00:00.000,1.18680,1.18699,1.18673,1.18695,444720004.08180004
09.07.2021 17:15:00.000,1.18695,1.18698,1.18673,1.18680,276740001.6785
09.07.2021 17:30:00.000,1.18680,1.18708,1.18679,1.18703,292750001.90749997
09.07.2021 17:45:00.000,1.18702,1.18732,1.18700,1.18731,358560005.18819994
09.07.2021 18:00:00.000,1.18732,1.18772,1.18718,1.18761,460049998.2835001
09.07.2021 18:15:00.000,1.18761,1.18765,1.18740,1.18755,276420000.07640004
09.07.2021 18:30:00.000,1.18757,1.18774,1.18742,1.18773,367649999.6185
09.07.2021 18:45:00.000,1.18773,1.18775,1.18756,1.18763,297079996.5858
09.07.2021 19:00:00.000,1.18764,1.18769,1.18746,1.18756,338740003.1091
09.07.2021 19:15:00.000,1.18756,1.18774,1.18756,1.18774,184290000.43869996
09.07.2021 19:30:00.000,1.18773,1.18786,1.18768,1.18775,238860000.6102
09.07.2021 19:45:00.000,1.18774,1.18799,1.18767,1.18797,317440001.4879
09.07.2021 20:00:00.000,1.18797,1.18805,1.18783,1.18796,283930001.259
09.07.2021 20:15:00.000,1.18795,1.18810,1.18784,1.18788,250370000.36229998
09.07.2021 20:30:00.000,1.18788,1.18792,1.18778,1.18783,240479997.15810004
09.07.2021 20:45:00.000,1.18783,1.18793,1.18710,1.18710,3632649913.7879004